spend,channel,sat_curve_pts
0.0,facebook,0.0
20.04008016032064,facebook,6.59327275691174e-05
40.08016032064128,facebook,0.00028265902588633945
60.120240480961925,facebook,0.0006622945115159393
80.16032064128257,facebook,0.0012117576520304654
100.20040080160321,facebook,0.0019360448854887837
120.24048096192385,facebook,0.0028390871699100814
140.28056112224448,facebook,0.003924121285647518
160.32064128256513,facebook,0.005193885322463362
180.3607214428858,facebook,0.0066507335783359935
200.40080160320642,facebook,0.008296708946116636
220.44088176352705,facebook,0.010133590623410514
240.4809619238477,facebook,0.012162926461249187
260.52104208416836,facebook,0.014386055225333988
280.56112224448896,facebook,0.01680412194819768
300.6012024048096,facebook,0.019418088386754285
320.64128256513027,facebook,0.02222873991654569
340.6813627254509,facebook,0.025236689774420555
360.7214428857716,facebook,0.028442381293763936
380.7615230460922,facebook,0.031846088600149106
400.80160320641284,facebook,0.03544791611598647
420.8416833667335,facebook,0.03924779714006125
440.8817635270541,facebook,0.04324549170935203
460.92184368737475,facebook,0.04744058390837713
480.9619238476954,facebook,0.05183247876046257
501.00200400801606,facebook,0.056420398812412384
521.0420841683367,facebook,0.06120338050682094
541.0821643286573,facebook,0.06618027042313432
561.1222444889779,facebook,0.07134972145844522
581.1623246492986,facebook,0.0767101890111095
601.2024048096192,facebook,0.08225992722403476
621.2424849699399,facebook,0.08799698533949396
641.2825651302605,facebook,0.09391920421324898
661.3226452905811,facebook,0.10002421303239706
681.3627254509018,facebook,0.10630942627849405
701.4028056112224,facebook,0.11277204097502921
721.4428857715432,facebook,0.11940903425611518
741.4829659318638,facebook,0.12621716129122884
761.5230460921844,facebook,0.13319295359893243
781.5631262525051,facebook,0.14033271778065617
801.6032064128257,facebook,0.1476325347038026
821.6432865731463,facebook,0.15508825916159574
841.683366733467,facebook,0.16269552003522156
861.7234468937876,facebook,0.17044972098187228
881.7635270541082,facebook,0.17834604167029222
901.8036072144289,facebook,0.1863794395833201
921.8436873747495,facebook,0.19454465240472696
941.8837675350702,facebook,0.20283620100534305
961.9238476953908,facebook,0.21124839304106394
981.9639278557114,facebook,0.21977532717281587
1002.0040080160321,facebook,0.2284108979159483
1022.0440881763527,facebook,0.23714880112381595
1042.0841683366734,facebook,0.24598254010751827
1062.124248496994,facebook,0.25490543239088914
1082.1643286573146,facebook,0.2639106170968889
1102.2044088176353,facebook,0.2729910629585515
1122.2444889779558,facebook,0.28213957694460634
1142.2845691382765,facebook,0.2913488134868249
1162.3246492985973,facebook,0.3006112842930755
1182.364729458918,facebook,0.3099193687270057
1202.4048096192384,facebook,0.31926532473223684
1222.4448897795592,facebook,0.328641300275971
1242.4849699398799,facebook,0.3380393452839895
1262.5250501002004,facebook,0.3474514240361922
1282.565130260521,facebook,0.35686942798910454
1302.6052104208418,facebook,0.3662851889891779
1322.6452905811623,facebook,0.3756904928382712
1342.685370741483,facebook,0.3850770931704108
1362.7254509018037,facebook,0.3944367255968333
1382.7655310621242,facebook,0.4037611220744271
1402.805611222445,facebook,0.4130420254510059
1422.8456913827656,facebook,0.4222712041394119
1442.8857715430863,facebook,0.4314404668712534
1462.9258517034068,facebook,0.4405416774801396
1482.9659318637275,facebook,0.4495667696636154
1503.0060120240482,facebook,0.4585077616726011
1523.0460921843687,facebook,0.4673567708770356
1543.0861723446894,facebook,0.47610602815659553
1563.1262525050101,facebook,0.48474789206581664
1583.1663326653306,facebook,0.4932748627237015
1603.2064128256513,facebook,0.5016795953789085
1623.246492985972,facebook,0.5099549136029287
1643.2865731462925,facebook,0.5180938220652244
1663.3266533066133,facebook,0.526089518846124
1683.366733466934,facebook,0.5339354072453475
1703.4068136272545,facebook,0.5416251070463284
1723.4468937875752,facebook,0.5491524651990232
1743.4869739478959,facebook,0.556511565886611
1763.5270541082164,facebook,0.5636967399443702
1783.567134268537,facebook,0.5707025736020769
1803.6072144288578,facebook,0.577523916524444
1823.6472945891785,facebook,0.5841558891274284
1843.687374749499,facebook,0.590593889151598
1863.7274549098197,facebook,0.5968335974772286
1883.7675350701404,facebook,0.6028709831692723
1903.807615230461,facebook,0.6087023077438588
1923.8476953907816,facebook,0.6143241286515014
1943.8877755511023,facebook,0.6197333019756448
1963.9278557114228,facebook,0.6249269843486285
1983.9679358717435,facebook,0.6299026340904866
2004.0080160320642,facebook,0.6346580115792617
2024.0480961923847,facebook,0.6391911788646638
2044.0881763527054,facebook,0.6435004985399142
2064.128256513026,facebook,0.6475846318894811
2084.168336673347,facebook,0.6514425363331229
2104.2084168336673,facebook,0.6550734621891835
2124.248496993988,facebook,0.6584769487824196
2144.2885771543088,facebook,0.6616528199237942
2164.3286573146293,facebook,0.6646011787916032
2184.3687374749497,facebook,0.667322402245035
2204.4088176352707,facebook,0.6698171346027797
2224.448897795591,facebook,0.6720862809205896
2244.4889779559117,facebook,0.6741309998027967
2264.5290581162326,facebook,0.675952695783621
2284.569138276553,facebook,0.6775530113147854
2304.609218436874,facebook,0.6789338183963674
2324.6492985971945,facebook,0.680097209888057
2344.689378757515,facebook,0.6810454905380382
2364.729458917836,facebook,0.6817811677665336
2384.7695390781564,facebook,0.6823069422407385
2404.809619238477,facebook,0.6826256982773514
2424.849699398798,facebook,0.6827404941082513
2444.8897795591183,facebook,0.6826545520440439
2464.929859719439,facebook,0.6823712485692662
2484.9699398797597,facebook,0.681894104401942
2505.0100200400802,facebook,0.6812267745490084
2525.0501002004007,facebook,0.6803730383878375
2545.0901803607217,facebook,0.679336789802703
2565.130260521042,facebook,0.6781220274035924
2585.1703406813626,facebook,0.6767328448532575
2605.2104208416836,facebook,0.6751734213268294
2625.250501002004,facebook,0.6734480121267291
2645.2905811623245,facebook,0.6715609394739763
2665.3306613226455,facebook,0.6695165834953597
2685.370741482966,facebook,0.6673193734242804
2705.4108216432865,facebook,0.6649737790314433
2725.4509018036074,facebook,0.6624843022999303
2745.490981963928,facebook,0.6598554693575936
2765.5310621242484,facebook,0.6570918226781112
2785.5711422845693,facebook,0.6541979135605203
2805.61122244489,facebook,0.651178294895527
2825.6513026052103,facebook,0.6480375142254483
2845.691382765531,facebook,0.6447801071032324
2865.7314629258517,facebook,0.6414105907546723
2885.7715430861726,facebook,0.6379334580466277
2905.811623246493,facebook,0.63435317176287
2925.8517034068136,facebook,0.6306741591879921
2945.8917835671346,facebook,0.6269008069987578
2965.931863727455,facebook,0.6230374564612361
2985.9719438877755,facebook,0.6190883989311186
3006.0120240480965,facebook,0.6150578716537501
3026.052104208417,facebook,0.6109500538595869
3046.0921843687374,facebook,0.6067690631500532
3066.1322645290584,facebook,0.6025189521681071
3086.172344689379,facebook,0.5982037055472126
3106.2124248496993,facebook,0.5938272371318735
3126.2525050100203,facebook,0.5893933874624162
3146.2925851703408,facebook,0.5849059215162787
3166.3326653306613,facebook,0.5803685266977126
3186.372745490982,facebook,0.575784811067503
3206.4128256513027,facebook,0.5711583018040571
3226.452905811623,facebook,0.5664924438870111
3246.492985971944,facebook,0.5617905989943668
3266.5330661322646,facebook,0.5570560446040435
3286.573146292585,facebook,0.5522919732906871
3306.613226452906,facebook,0.5475014922085362
3326.6533066132265,facebook,0.5426876227511676
3346.693386773547,facebook,0.5378533003789854
3366.733466933868,facebook,0.5330013746053912
3386.7735470941884,facebook,0.5281346091326825
3406.813627254509,facebook,0.5232556821288493
3426.85370741483,facebook,0.5183671866366009
3446.8937875751503,facebook,0.5134716311061168
3466.933867735471,facebook,0.5085714400432165
3486.9739478957918,facebook,0.5036689547648446
3507.0140280561122,facebook,0.49876643425399364
3527.0541082164327,facebook,0.4938660561064111
3547.0941883767537,facebook,0.48896991756169395
3567.134268537074,facebook,0.48408003661160964
3587.174348697395,facebook,0.4791983531787481
3607.2144288577156,facebook,0.474326730358874
3627.254509018036,facebook,0.4694669557206024
3647.294589178357,facebook,0.46462074265630005
3667.3346693386775,facebook,0.4597897317783773
3687.374749498998,facebook,0.4549754923553998
3707.414829659319,facebook,0.45017952378272363
3727.4549098196394,facebook,0.4454032570826124
3747.49498997996,facebook,0.4406480564290612
3767.535070140281,facebook,0.43591522069280736
3787.5751503006013,facebook,0.4312059850022571
3807.615230460922,facebook,0.42652152231630885
3827.6553106212427,facebook,0.42186294500528837
3847.695390781563,facebook,0.41723130643645273
3867.7354709418837,facebook,0.41262760256074016
3887.7755511022046,facebook,0.4080527734976723
3907.815631262525,facebook,0.4035077051155221
3927.8557114228456,facebook,0.39899323060407155
3947.8957915831666,facebook,0.39451013203748014
3967.935871743487,facebook,0.39005914192498137
3987.9759519038075,facebook,0.38564094474729776
4008.0160320641285,facebook,0.3812561784768554
4028.056112224449,facebook,0.37690543608003535
4048.0961923847694,facebook,0.37258926699986594
4068.1362725450904,facebook,0.3683081786177134
4088.176352705411,facebook,0.3640626376926714
4108.216432865732,facebook,0.3598530717774899
4128.256513026052,facebook,0.35567987061001693
4148.296593186373,facebook,0.35154338747924657
4168.336673346694,facebook,0.34744394056518907
4188.376753507014,facebook,0.34338181425188485
4208.416833667335,facebook,0.3393572604129898
4228.456913827656,facebook,0.3353704996694618
4248.496993987976,facebook,0.3314217226189595
4268.537074148297,facebook,0.3275110910366603
4288.5771543086175,facebook,0.32363873904728013
4308.617234468938,facebook,0.31980477426815157
4328.6573146292585,facebook,0.31600927892328634
4348.697394789579,facebook,0.31225231092841693
4368.7374749498995,facebook,0.30853390494706223
4388.77755511022,facebook,0.3048540734177269
4408.817635270541,facebook,0.30121280755239005
4428.857715430861,facebook,0.2976100783064814
4448.897795591182,facebook,0.2940458373205934
4468.937875751503,facebook,0.2905200178342104
4488.977955911823,facebook,0.2870325355717726
4509.018036072144,facebook,0.283583289601423
4529.058116232465,facebook,0.2801721631668181
4549.098196392786,facebook,0.27679902449240135
4569.138276553106,facebook,0.27346372756256804
4589.178356713427,facebook,0.2701661128751639
4609.218436873748,facebook,0.26690600816978394
4629.258517034068,facebook,0.2636832291313439
4649.298597194389,facebook,0.26049758006941903
4669.33867735471,facebook,0.25734885457384965
4689.37875751503,facebook,0.25423683614712145
4709.418837675351,facebook,0.25116129881403965
4729.458917835672,facebook,0.24812200770921913
4749.498997995992,facebook,0.24511871964291393
4769.539078156313,facebook,0.2421511836457163
4789.579158316634,facebook,0.2392191414926555
4809.619238476954,facebook,0.23632232820722276
4829.659318637275,facebook,0.23346047254585223
4849.699398797596,facebook,0.2306332974633834
4869.739478957916,facebook,0.22784052056002746
4889.779559118237,facebook,0.22508185451035465
4909.819639278558,facebook,0.2223570074748182
4929.859719438878,facebook,0.2196656834943218
4949.899799599199,facebook,0.217007582868332
4969.9398797595195,facebook,0.2143824025170321
4989.9799599198395,facebook,0.21178983632800544
5010.0200400801605,facebook,0.2092295754879257
5030.060120240481,facebook,0.20670130879973195
5050.100200400801,facebook,0.2042047229857473
5070.140280561122,facebook,0.20173950297719864
5090.180360721443,facebook,0.19930533219058508
5110.220440881763,facebook,0.19690189279133022
5130.260521042084,facebook,0.19452886594514762
5150.300601202405,facebook,0.19218593205753864
5170.340681362725,facebook,0.18987277100182975
5190.380761523046,facebook,0.18758906233615136
5210.420841683367,facebook,0.18533448550974685
5230.460921843687,facebook,0.18310872005899176
5250.501002004008,facebook,0.18091144579349447
5270.541082164329,facebook,0.17874234297264005
5290.581162324649,facebook,0.1766010924729266
5310.62124248497,facebook,0.1744873759464378
5330.661322645291,facebook,0.17240087597078432
5350.701402805611,facebook,0.1703412761908355
5370.741482965932,facebook,0.1683082614525566
5390.781563126253,facebook,0.1663015179292561
5410.821643286573,facebook,0.16432073324053825
5430.861723446894,facebook,0.16236559656424804
5450.901803607215,facebook,0.16043579874168667
5470.941883767535,facebook,0.15853103237636734
5490.981963927856,facebook,0.1566509919265706
5511.022044088177,facebook,0.1547953737919554
5531.062124248497,facebook,0.1529638763944673
5551.102204408818,facebook,0.15115620025378104
5571.142284569139,facebook,0.1493720480575094
5591.182364729459,facebook,0.14761112472639473
5611.22244488978,facebook,0.14587313747470151
5631.2625250501005,facebook,0.14415779586601377
5651.302605210421,facebook,0.14246481186463822
5671.3426853707415,facebook,0.14079389988280527
5691.382765531062,facebook,0.13914477682385412
5711.4228456913825,facebook,0.13751716212158072
5731.462925851703,facebook,0.13591077777592242
5751.503006012024,facebook,0.134325348385146
5771.543086172345,facebook,0.13276060117469832
5791.583166332665,facebook,0.13121626602287706
5811.623246492986,facebook,0.12969207548346834
5831.663326653307,facebook,0.12818776480549693
5851.703406813627,facebook,0.12670307195022526
5871.743486973948,facebook,0.12523773760553608
5891.783567134269,facebook,0.12379150519782635
5911.823647294589,facebook,0.1223641209015348
5931.86372745491,facebook,0.12095533364642228
5951.903807615231,facebook,0.11956489512271891
5971.943887775551,facebook,0.11819255978424692
5991.983967935872,facebook,0.1168380848496239
6012.024048096193,facebook,0.11550123030164895
6032.064128256513,facebook,0.11418175888496683
6052.104208416834,facebook,0.11287943610210391
6072.144288577155,facebook,0.11159403020796572
6092.184368737475,facebook,0.11032531220288075
6112.224448897796,facebook,0.10907305582427265
6132.264529058117,facebook,0.10783703753704112
6152.304609218437,facebook,0.10661703652272432
6172.344689378758,facebook,0.10541283466751741
6192.384769539079,facebook,0.10422421654921542
6212.424849699399,facebook,0.10305096942314686
6232.46492985972,facebook,0.10189288320716117
6252.505010020041,facebook,0.10074975046573235
6272.545090180361,facebook,0.09962136639323428
6292.5851703406815,facebook,0.09850752879644593
6312.6252505010025,facebook,0.09740803807633779
6332.6653306613225,facebook,0.0963226972091913
6352.705410821643,facebook,0.09525131172709916
6372.745490981964,facebook,0.09419368969789335
6392.785571142284,facebook,0.09314964170454512
6412.825651302605,facebook,0.0921189808240783
6432.865731462926,facebook,0.09110152260603778
6452.905811623246,facebook,0.09009708505055024
6472.945891783567,facebook,0.08910548858601386
6492.985971943888,facebook,0.08812655604645306
6513.026052104208,facebook,0.08716011264857036
6533.066132264529,facebook,0.08620598596852704
6553.10621242485,facebook,0.08526400591848371
6573.14629258517,facebook,0.0843340047229284
6593.186372745491,facebook,0.08341581689481967
6613.226452905812,facebook,0.08250927921157139
6633.266533066132,facebook,0.08161423069090262
6653.306613226453,facebook,0.08073051256657633
6673.346693386774,facebook,0.07985796826405019
6693.386773547094,facebook,0.07899644337605843
6713.426853707415,facebook,0.07814578563814621
6733.466933867736,facebook,0.07730584490417516
6753.507014028056,facebook,0.07647647312181716
6773.547094188377,facebook,0.07565752430805373
6793.587174348698,facebook,0.07484885452469763
6813.627254509018,facebook,0.07405032185395018
6833.667334669339,facebook,0.07326178637400985
6853.70741482966,facebook,0.07248311013474505
6873.74749498998,facebook,0.07171415713344363
6893.787575150301,facebook,0.07095479329065085
6913.827655310622,facebook,0.0702048864261077
6933.867735470942,facebook,0.06946430623479885
6953.907815631263,facebook,0.06873292426312108
6973.9478957915835,facebook,0.06801061388518123
6993.9879759519035,facebook,0.06729725027923149
7014.0280561122245,facebook,0.06659271040425094
7034.068136272545,facebook,0.06589687297668069
7054.108216432865,facebook,0.06520961844731911
7074.148296593186,facebook,0.06453082897838396
7094.188376753507,facebook,0.06386038842074757
7114.228456913828,facebook,0.06319818229135042
7134.268537074148,facebook,0.06254409775079815
7154.308617234469,facebook,0.061898023581146794
7174.34869739479,facebook,0.06125985016388087
7194.38877755511,facebook,0.06062946945808787
7214.428857715431,facebook,0.060006774978832673
7234.468937875752,facebook,0.059391661775735835
7254.509018036072,facebook,0.05878402641175788
7274.549098196393,facebook,0.05818376694219255
7294.589178356714,facebook,0.05759078289387177
7314.629258517034,facebook,0.057004975244583554
7334.669338677355,facebook,0.056426246402705466
7354.709418837676,facebook,0.05585450018705474
7374.749498997996,facebook,0.05528964180695654
7394.789579158317,facebook,0.054731577842531416
7414.829659318638,facebook,0.054180216225202936
7434.869739478958,facebook,0.05363546621842605
7454.909819639279,facebook,0.053097238398636774
7474.9498997996,facebook,0.052565444636423694
7494.98997995992,facebook,0.05203999807792092
7515.030060120241,facebook,0.0515208131264231
7535.070140280562,facebook,0.05100780542422196
7555.110220440882,facebook,0.05050089183466421
7575.150300601203,facebook,0.04999999042443019
7595.190380761524,facebook,0.04950502044603313
7615.230460921844,facebook,0.04901590232053784
7635.2705410821645,facebook,0.048532557620498074
7655.3106212424855,facebook,0.0480549090531124
7675.3507014028055,facebook,0.04758288044359657
7695.390781563126,facebook,0.04711639671877169
7715.430861723447,facebook,0.046655383890867555
7735.470941883767,facebook,0.046199769041538906
7755.511022044088,facebook,0.04574948030609404
7775.551102204409,facebook,0.04530444685793406
7795.591182364729,facebook,0.044864598893201386
7815.63126252505,facebook,0.04442986761563573
7835.671342685371,facebook,0.04400018522163654
7855.711422845691,facebook,0.04357548488552953
7875.751503006012,facebook,0.04315570074503624
7895.791583166333,facebook,0.04274076788694451
7915.831663326653,facebook,0.04233062233297834
7935.871743486974,facebook,0.041925201025864896
7955.911823647295,facebook,0.04152444181559761
7975.951903807615,facebook,0.0411282834458927
7995.991983967936,facebook,0.040736665540837484
8016.032064128257,facebook,0.04034952859172893
8036.072144288577,facebook,0.03996681394409988
8056.112224448898,facebook,0.03958846378493132
8076.152304609219,facebook,0.039214421130048915
8096.192384769539,facebook,0.03884462981170136
8116.23246492986,facebook,0.03847903446631863
8136.272545090181,facebook,0.03811758052244868
8156.312625250501,facebook,0.037760214188869594
8176.352705410822,facebook,0.037406882442876044
8196.392785571143,facebook,0.03705753301873759
8216.432865731464,facebook,0.03671211439632667
8236.472945891785,facebook,0.036370575789914636
8256.513026052104,facebook,0.03603286713713345
8276.553106212425,facebook,0.035698939088101074
8296.593186372746,facebook,0.03536874299470881
8316.633266533066,facebook,0.03504223090006809
8336.673346693387,facebook,0.0347193555281149
8356.713426853708,facebook,0.03440007027337002
8376.753507014027,facebook,0.034084329190852844
8396.793587174348,facebook,0.033772086986146505
8416.83366733467,facebook,0.03346329900561319
8436.87374749499,facebook,0.03315792122675663
8456.913827655311,facebook,0.03285591024873037
8476.953907815632,facebook,0.032557223282989906
8496.993987975951,facebook,0.0322618181440864
8517.034068136272,facebook,0.03196965324060021
8537.074148296593,facebook,0.03168068756621259
8557.114228456914,facebook,0.03139488069091308
8577.154308617235,facebook,0.031112192752341124
8597.194388777556,facebook,0.030832584447259982
8617.234468937875,facebook,0.030556017023160936
8637.274549098196,facebook,0.030282452269996034
8657.314629258517,facebook,0.03001185251203762
8677.354709418838,facebook,0.02974418059986266
8697.394789579159,facebook,0.029479399902460228
8717.43486973948,facebook,0.029217474299460287
8737.474949899799,facebook,0.02895836817348211
8757.51503006012,facebook,0.028702046402600396
8777.55511022044,facebook,0.028448474352927706
8797.595190380762,facebook,0.028197617871311118
8817.635270541083,facebook,0.02794944327814169
8837.675350701404,facebook,0.02770391736027506
8857.715430861723,facebook,0.027461007364061277
8877.755511022044,facebook,0.027220680988482564
8897.795591182365,facebook,0.026982906378397304
8917.835671342686,facebook,0.02674765211788842
8937.875751503007,facebook,0.026514887223715058
8957.915831663327,facebook,0.0262845811388654
8977.955911823647,facebook,0.026056703726209753
8997.995991983968,facebook,0.025831225262251786
9018.036072144288,facebook,0.02560811643097692
9038.07615230461,facebook,0.025387348317796044
9058.11623246493,facebook,0.025168892403583228
9078.156312625251,facebook,0.024952720558806082
9098.196392785572,facebook,0.024738805037747173
9118.236472945891,facebook,0.02452711847281525
9138.276553106212,facebook,0.024317633868944748
9158.316633266533,facebook,0.02411032459808244
9178.356713426854,facebook,0.023905164393759584
9198.396793587175,facebook,0.023702127345748475
9218.436873747496,facebook,0.02350118789480206
9238.476953907815,facebook,0.023302320827475177
9258.517034068136,facebook,0.02310550127102633
9278.557114228457,facebook,0.022910704688398707
9298.597194388778,facebook,0.022717906873279056
9318.637274549099,facebook,0.02252708394523342
9338.67735470942,facebook,0.02233821234491833
9358.717434869739,facebook,0.022151268829366483
9378.75751503006,facebook,0.021966230467345464
9398.79759519038,facebook,0.021783074634788676
9418.837675350702,facebook,0.021601779010297084
9438.877755511023,facebook,0.021422321570710792
9458.917835671344,facebook,0.021244680586749318
9478.957915831663,facebook,0.02106883461871947
9498.997995991984,facebook,0.02089476251228978
9519.038076152305,facebook,0.020722443394330468
9539.078156312626,facebook,0.020551856668817828
9559.118236472947,facebook,0.02038298201280197
9579.158316633268,facebook,0.02021579937243726
9599.198396793587,facebook,0.020050288959073837
9619.238476953908,facebook,0.019886431245409883
9639.278557114229,facebook,0.019724206961703305
9659.31863727455,facebook,0.019563597092041952
9679.35871743487,facebook,0.019404582870671518
9699.398797595191,facebook,0.019247145778380076
9719.43887775551,facebook,0.019091267538938573
9739.478957915831,facebook,0.018936930115596017
9759.519038076152,facebook,0.018784115707628973
9779.559118236473,facebook,0.018632806746944067
9799.599198396794,facebook,0.018482985894732885
9819.639278557115,facebook,0.018334636038178354
9839.679358717434,facebook,0.018187740287211877
9859.719438877755,facebook,0.018042281971320198
9879.759519038076,facebook,0.017898244636401557
9899.799599198397,facebook,0.017755612041669908
9919.839679358718,facebook,0.01761436815660682
9939.879759519039,facebook,0.017474497157960095
9959.919839679358,facebook,0.01733598342678837
9979.959919839679,facebook,0.017198811545551047
10000.0,facebook,0.017062966295242753
0.0,google_ads,0.0
20.04008016032064,google_ads,8.863132216503577e-06
40.08016032064128,google_ads,7.599410274760916e-05
60.120240480961925,google_ads,0.0002670922768363971
80.16032064128257,google_ads,0.0006515793953611566
100.20040080160321,google_ads,0.0013013064583726698
120.24048096192385,google_ads,0.0022899454236176356
140.28056112224448,google_ads,0.0036926050900501165
160.32064128256513,google_ads,0.0055855430323344495
180.3607214428858,google_ads,0.008045918867631393
200.40080160320642,google_ads,0.011151559578617725
220.44088176352705,google_ads,0.014980718552090775
240.4809619238477,google_ads,0.019611815410120907
260.52104208416836,google_ads,0.025123146719382816
280.56112224448896,google_ads,0.031592559532606763
300.6012024048096,google_ads,0.039097081030290005
320.64128256513027,google_ads,0.04771249859151737
340.6813627254509,google_ads,0.0575128855993201
360.7214428857716,google_ads,0.06857006928254628
380.7615230460922,google_ads,0.0809530379817164
400.80160320641284,google_ads,0.09472728644900244
420.8416833667335,google_ads,0.10995409918648649
440.8817635270541,google_ads,0.1266897734152792
460.92184368737475,google_ads,0.1449847850636119
480.9619238476954,google_ads,0.16488290316661255
501.00200400801606,google_ads,0.18642026027423475
521.0420841683367,google_ads,0.2096243888435751
541.0821643286573,google_ads,0.23451323610969635
561.1222444889779,google_ads,0.2610941725311075
581.1623246492986,google_ads,0.2893630115213695
601.2024048096192,google_ads,0.3193030607188171
621.2424849699399,google_ads,0.3508842274076102
641.2825651302605,google_ads,0.38406220276597325
661.3226452905811,google_ads,0.4187777512508846
681.3627254509018,google_ads,0.45495613249487094
701.4028056112224,google_ads,0.4925066834515706
721.4428857715432,google_ads,0.5313225880505871
741.4829659318638,google_ads,0.5712808601927654
761.5230460921844,google_ads,0.6122425634434583
781.5631262525051,google_ads,0.6540532872077878
801.6032064128257,google_ads,0.696543894487249
821.6432865731463,google_ads,0.7395315505630675
841.683366733467,google_ads,0.7828210352293608
861.7234468937876,google_ads,0.8262063336715525
881.7635270541082,google_ads,0.869472492977164
901.8036072144289,google_ads,0.912397722858026
921.8436873747495,google_ads,0.9547557107826576
941.8837675350702,google_ads,0.9963181137247181
961.9238476953908,google_ads,1.0368571815016177
981.9639278557114,google_ads,1.076148460572544
1002.0040080160321,google_ads,1.1139735225228176
1022.0440881763527,google_ads,1.1501226585637447
1042.0841683366734,google_ads,1.18439748043216
1062.124248496994,google_ads,1.216613369198619
1082.1643286573146,google_ads,1.2466017167026342
1102.2044088176353,google_ads,1.2742119095352495
1122.2444889779558,google_ads,1.299313012487546
1142.2845691382765,google_ads,1.3217951168883144
1162.3246492985973,google_ads,1.341570328898342
1182.364729458918,google_ads,1.3585733831910638
1202.4048096192384,google_ads,1.3727618780797186
1222.4448897795592,google_ads,1.3841161385982128
1242.4849699398799,google_ads,1.39263872388044
1262.5250501002004,google_ads,1.3983536040338036
1282.565130260521,google_ads,1.4013050392580657
1302.6052104208418,google_ads,1.4015561999933661
1322.6452905811623,google_ads,1.3991875712528652
1342.685370741483,google_ads,1.3942951869572664
1362.7254509018037,google_ads,1.3869887410761623
1382.7655310621242,google_ads,1.3773896218048454
1402.805611222445,google_ads,1.3656289130358423
1422.8456913827656,google_ads,1.3518454042376442
1442.8857715430863,google_ads,1.3361836457728833
1462.9258517034068,google_ads,1.3187920819303054
1482.9659318637275,google_ads,1.2998212887622926
1503.0060120240482,google_ads,1.279422338450246
1523.0460921843687,google_ads,1.2577453065767406
1543.0861723446894,google_ads,1.2349379335473485
1563.1262525050101,google_ads,1.2111444466224888
1583.1663326653306,google_ads,1.1865045446998885
1603.2064128256513,google_ads,1.1611525442051964
1623.246492985972,google_ads,1.1352166812428588
1643.2865731462925,google_ads,1.1088185625436722
1663.3266533066133,google_ads,1.0820727557073713
1683.366733466934,google_ads,1.055086507746802
1703.4068136272545,google_ads,1.0279595799491534
1723.4468937875752,google_ads,1.0007841865242626
1743.4869739478959,google_ads,0.9736450243495509
1763.5270541082164,google_ads,0.9466193812832756
1783.567134268537,google_ads,0.9197773109410559
1803.6072144288578,google_ads,0.8931818624566653
1823.6472945891785,google_ads,0.8668893545234125
1843.687374749499,google_ads,0.8409496838892174
1863.7274549098197,google_ads,0.8154066594152777
1883.7675350701404,google_ads,0.7902983537699865
1903.807615230461,google_ads,0.7656574657877765
1923.8476953907816,google_ads,0.741511687454091
1943.8877755511023,google_ads,0.7178840703653205
1963.9278557114228,google_ads,0.6947933873437698
1983.9679358717435,google_ads,0.6722544856541187
2004.0080160320642,google_ads,0.6502786289645544
2024.0480961923847,google_ads,0.6288738258206896
2044.0881763527054,google_ads,0.6080451429539322
2064.128256513026,google_ads,0.5877950022300585
2084.168336673347,google_ads,0.5681234604618405
2104.2084168336673,google_ads,0.5490284716658965
2124.248496993988,google_ads,0.5305061316433671
2144.2885771543088,google_ads,0.5125509050117749
2164.3286573146293,google_ads,0.4951558350167699
2184.3687374749497,google_ads,0.47831273661264684
2204.4088176352707,google_ads,0.46201237342461354
2224.448897795591,google_ads,0.4462446192985221
2244.4889779559117,google_ads,0.43099860520962735
2264.5290581162326,google_ads,0.41626285234499416
2284.569138276553,google_ads,0.4020253921980704
2304.609218436874,google_ads,0.3882738745220418
2324.6492985971945,google_ads,0.3749956639837958
2344.689378757515,google_ads,0.36217792634516777
2364.729458917836,google_ads,0.349807704974942
2384.7695390781564,google_ads,0.3378719884656504
2404.809619238477,google_ads,0.3263577700952663
2424.849699398798,google_ads,0.3152520998367672
2444.8897795591183,google_ads,0.304542129579402
2464.929859719439,google_ads,0.29421515218528027
2484.9699398797597,google_ads,0.2842586349644168
2505.0100200400802,google_ads,0.27466024811117457
2525.0501002004007,google_ads,0.2654078886056938
2545.0901803607217,google_ads,0.25648970004573457
2565.130260521042,google_ads,0.24789408883765882
2585.1703406813626,google_ads,0.23960973714026718
2605.2104208416836,google_ads,0.23162561292200642
2625.250501002004,google_ads,0.22393097746075502
2645.2905811623245,google_ads,0.21651539058602037
2665.3306613226455,google_ads,0.20936871393594975
2685.370741482966,google_ads,0.2024811124760262
2705.4108216432865,google_ads,0.1958430545026546
2725.4509018036074,google_ads,0.18944531033298503
2745.490981963928,google_ads,0.1832789498621708
2765.5310621242484,google_ads,0.17733533915075808
2785.5711422845693,google_ads,0.1716061361879545
2805.61122244489,google_ads,0.16608328596102387
2825.6513026052103,google_ads,0.16075901494692826
2845.691382765531,google_ads,0.15562582512948053
2865.7314629258517,google_ads,0.15067648763359717
2885.7715430861726,google_ads,0.14590403605765814
2905.811623246493,google_ads,0.1413017595754193
2925.8517034068136,google_ads,0.1368631958702748
2945.8917835671346,google_ads,0.13258212395689123
2965.931863727455,google_ads,0.12845255693822968
2985.9719438877755,google_ads,0.12446873473968374
3006.0120240480965,google_ads,0.12062511685643318
3026.052104208417,google_ads,0.11691637514506817
3046.0921843687374,google_ads,0.11333738668604082
3066.1322645290584,google_ads,0.10988322673949025
3086.172344689379,google_ads,0.10654916181342212
3106.2124248496993,google_ads,0.10333064286005374
3126.2525050100203,google_ads,0.10022329861333862
3146.2925851703408,google_ads,0.09722292907820143
3166.3326653306613,google_ads,0.09432549917983402
3186.372745490982,google_ads,0.09152713257948511
3206.4128256513027,google_ads,0.08882410566149242
3226.452905811623,google_ads,0.08621284169483738
3246.492985971944,google_ads,0.08368990517122553
3266.5330661322646,google_ads,0.08125199632058379
3286.573146292585,google_ads,0.07889594580391085
3306.613226452906,google_ads,0.07661870958259477
3326.6533066132265,google_ads,0.07441736396260909
3346.693386773547,google_ads,0.07228910081140424
3366.733466933868,google_ads,0.0702312229448123
3386.7735470941884,google_ads,0.06824113968086418
3406.813627254509,google_ads,0.06631636255707736
3426.85370741483,google_ads,0.06445450120749516
3446.8937875751503,google_ads,0.06265325939553759
3466.933867735471,google_ads,0.06091043119855419
3486.9739478957918,google_ads,0.059223897339844116
3507.0140280561122,google_ads,0.057591621663820335
3527.0541082164327,google_ads,0.05601164774994093
3547.0941883767537,google_ads,0.05448209566100437
3567.134268537074,google_ads,0.053001158821406234
3587.174348697395,google_ads,0.05156710102097317
3607.2144288577156,google_ads,0.05017825354003099
3627.254509018036,google_ads,0.048833012391415624
3647.294589178357,google_ads,0.047529835675203885
3667.3346693386775,google_ads,0.046267241042017994
3687.374749498998,google_ads,0.04504380326084373
3707.414829659319,google_ads,0.043858151887396286
3727.4549098196394,google_ads,0.04270896902916643
3747.49498997996,google_ads,0.041594987203382595
3767.535070140281,google_ads,0.04051498728423195
3787.5751503006013,google_ads,0.039467796535791355
3807.615230460922,google_ads,0.038452286727229515
3827.6553106212427,google_ads,0.037467372326952776
3847.695390781563,google_ads,0.03651200877247722
3867.7354709418837,google_ads,0.03558519081291971
3887.7755511022046,google_ads,0.03468595092111067
3907.815631262525,google_ads,0.03381335777243816
3927.8557114228456,google_ads,0.032966514787639185
3947.8957915831666,google_ads,0.03214455873685866
3967.935871743487,google_ads,0.031346658402397594
3987.9759519038075,google_ads,0.030572013297671966
4008.0160320641285,google_ads,0.029819852440000683
4028.056112224449,google_ads,0.029089433174935116
4048.0961923847694,google_ads,0.028380040049934354
4068.1362725450904,google_ads,0.027690983735279298
4088.176352705411,google_ads,0.02702159999020435
4108.216432865732,google_ads,0.02637124867230895
4128.256513026052,google_ads,0.02573931278839161
4148.296593186373,google_ads,0.02512519758492626
4168.336673346694,google_ads,0.024528329676476144
4188.376753507014,google_ads,0.023948156210411974
4208.416833667335,google_ads,0.023384144066370748
4228.456913827656,google_ads,0.02283577908895863
4248.496993987976,google_ads,0.02230256535226472
4268.537074148297,google_ads,0.021784024454814952
4288.5771543086175,google_ads,0.021279694843654294
4308.617234468938,google_ads,0.020789131166302113
4328.6573146292585,google_ads,0.02031190364938007
4348.697394789579,google_ads,0.019847597502764807
4368.7374749498995,google_ads,0.0193958123481667
4388.77755511022,google_ads,0.018956161671084885
4408.817635270541,google_ads,0.018528272295134676
4428.857715430861,google_ads,0.018111783877786697
4448.897795591182,google_ads,0.017706348426600273
4468.937875751503,google_ads,0.017311629835073474
4488.977955911823,google_ads,0.01692730343727059
4509.018036072144,google_ads,0.01655305558042512
4529.058116232465,google_ads,0.016188583214751716
4549.098196392786,google_ads,0.01583359349973378
4569.138276553106,google_ads,0.015487803426186351
4589.178356713427,google_ads,0.01515093945342422
4609.218436873748,google_ads,0.014822737160895263
4629.258517034068,google_ads,0.014502940913666586
4649.298597194389,google_ads,0.014191303541178438
4669.33867735471,google_ads,0.013887586028706576
4689.37875751503,google_ads,0.013591557220998054
4709.418837675351,google_ads,0.013302993537569155
4729.458917835672,google_ads,0.013021678699176769
4749.498997995992,google_ads,0.012747403464995455
4769.539078156313,google_ads,0.012479965380053424
4789.579158316634,google_ads,0.012219168532500057
4809.619238476954,google_ads,0.011964823320296105
4829.659318637275,google_ads,0.011716746226935745
4849.699398797596,google_ads,0.011474759605826786
4869.739478957916,google_ads,0.011238691472971246
4889.779559118237,google_ads,0.011008375307604444
4909.819639278558,google_ads,0.010783649860465492
4929.859719438878,google_ads,0.010564358969386036
4949.899799599199,google_ads,0.010350351381897945
4969.9398797595195,google_ads,0.01014148058457349
4989.9799599198395,google_ads,0.00993760463882375
5010.0200400801605,google_ads,0.009738586022892955
5030.060120240481,google_ads,0.009544291479797845
5050.100200400801,google_ads,0.00935459187097157
5070.140280561122,google_ads,0.009169362035382173
5090.180360721443,google_ads,0.008988480653905674
5110.220440881763,google_ads,0.008811830118742694
5130.260521042084,google_ads,0.008639296407677024
5150.300601202405,google_ads,0.00847076896298284
5170.340681362725,google_ads,0.008306140574795532
5190.380761523046,google_ads,0.00814530726876887
5210.420841683367,google_ads,0.007988168197848948
5230.460921843687,google_ads,0.007834625538002113
5250.501002004008,google_ads,0.007684584387741261
5270.541082164329,google_ads,0.007537952671301319
5290.581162324649,google_ads,0.007394641045320796
5310.62124248497,google_ads,0.007254562808892535
5330.661322645291,google_ads,0.007117633816852314
5350.701402805611,google_ads,0.0069837723961794764
5370.741482965932,google_ads,0.006852899265388919
5390.781563126253,google_ads,0.006724937456798912
5410.821643286573,google_ads,0.0065998122415637924
5430.861723446894,google_ads,0.006477451057365236
5450.901803607215,google_ads,0.00635778343866032
5470.941883767535,google_ads,0.006240740949388419
5490.981963927856,google_ads,0.006126257118043312
5511.022044088177,google_ads,0.0060142673750205695
5531.062124248497,google_ads,0.005904708992153869
5551.102204408818,google_ads,0.0057975210243575
5571.142284569139,google_ads,0.0056926442532956945
5591.182364729459,google_ads,0.005590021133002455
5611.22244488978,google_ads,0.005489595737378797
5631.2625250501005,google_ads,0.005391313709497242
5651.302605210421,google_ads,0.005295122212646032
5671.3426853707415,google_ads,0.005200969883048504
5691.382765531062,google_ads,0.005108806784195418
5711.4228456913825,google_ads,0.005018584362730616
5731.462925851703,google_ads,0.004930255405832711
5751.503006012024,google_ads,0.00484377400003783
5771.543086172345,google_ads,0.00475909549145049
5791.583166332665,google_ads,0.004676176447291918
5811.623246492986,google_ads,0.004594974618736971
5831.663326653307,google_ads,0.00451544890499287
5851.703406813627,google_ads,0.004437559318574629
5871.743486973948,google_ads,0.004361266951733961
5891.783567134269,google_ads,0.00428653394400005
5911.823647294589,google_ads,0.004213323450792185
5931.86372745491,google_ads,0.004141599613065838
5951.903807615231,google_ads,0.004071327527955222
5971.943887775551,google_ads,0.004002473220376794
5991.983967935872,google_ads,0.003935003615559511
6012.024048096193,google_ads,0.0038688865124690123
6032.064128256513,google_ads,0.0038040905580940835
6052.104208416834,google_ads,0.0037405852225649854
6072.144288577155,google_ads,0.003678340775074445
6092.184368737475,google_ads,0.0036173282605731
6112.224448897796,google_ads,0.0035575194772123325
6132.264529058117,google_ads,0.003498886954508461
6152.304609218437,google_ads,0.003441403932203151
6172.344689378758,google_ads,0.00338504433979592
6192.384769539079,google_ads,0.0033297827767255163
6212.424849699399,google_ads,0.0032755944931777575
6232.46492985972,google_ads,0.00322245537149828
6252.505010020041,google_ads,0.0031703419081895116
6272.545090180361,google_ads,0.0031192311964717894
6292.5851703406815,google_ads,0.003069100909389467
6312.6252505010025,google_ads,0.0030199292834434278
6332.6653306613225,google_ads,0.0029716951027321534
6352.705410821643,google_ads,0.002924377683584149
6372.745490981964,google_ads,0.0028779568596651577
6392.785571142284,google_ads,0.0028324129675441705
6412.825651302605,google_ads,0.0027877268327028454
6432.865731462926,google_ads,0.00274387975597353
6452.905811623246,google_ads,0.002700853500391533
6472.945891783567,google_ads,0.002658630278447893
6492.985971943888,google_ads,0.002617192739729365
6513.026052104208,google_ads,0.002576523958932776
6533.066132264529,google_ads,0.0025366074242414143
6553.10621242485,google_ads,0.0024974270260515394
6573.14629258517,google_ads,0.0024589670460375074
6593.186372745491,google_ads,0.002421212146544428
6613.226452905812,google_ads,0.0023841473602976724
6633.266533066132,google_ads,0.002347758080418905
6653.306613226453,google_ads,0.002312030050738671
6673.346693386774,google_ads,0.0022769493563959808
6693.386773547094,google_ads,0.0022425024147155644
6713.426853707415,google_ads,0.0022086759663538873
6733.466933867736,google_ads,0.002175457066705303
6753.507014028056,google_ads,0.0021428330775599682
6773.547094188377,google_ads,0.0021107916590055033
6793.587174348698,google_ads,0.0020793207615646386
6813.627254509018,google_ads,0.002048408618561318
6833.667334669339,google_ads,0.002018043738708039
6853.70741482966,google_ads,0.0019882148989074267
6873.74749498998,google_ads,0.001958911137261293
6893.787575150301,google_ads,0.001930121746280639
6913.827655310622,google_ads,0.0019018362662903303
6933.867735470942,google_ads,0.001874044479022315
6953.907815631263,google_ads,0.0018467364013915347
6973.9478957915835,google_ads,0.001819902279448828
6993.9879759519035,google_ads,0.001793532582505337
7014.0280561122245,google_ads,0.001767617997423102
7034.068136272545,google_ads,0.0017421494230667296
7054.108216432865,google_ads,0.001717117964911151
7074.148296593186,google_ads,0.0016925149298006943
7094.188376753507,google_ads,0.001668331820854834
7114.228456913828,google_ads,0.0016445603325161199
7134.268537074148,google_ads,0.0016211923457359783
7154.308617234469,google_ads,0.0015982199232941667
7174.34869739479,google_ads,0.001575635305247856
7194.38877755511,google_ads,0.0015534309045063996
7214.428857715431,google_ads,0.0015315993025280079
7234.468937875752,google_ads,0.0015101332451346661
7254.509018036072,google_ads,0.0014890256384417293
7274.549098196393,google_ads,0.0014682695448987825
7294.589178356714,google_ads,0.0014478581794384298
7314.629258517034,google_ads,0.0014277849057298087
7334.669338677355,google_ads,0.0014080432325337053
7354.709418837676,google_ads,0.0013886268101562771
7374.749498997996,google_ads,0.0013695294269984567
7394.789579158317,google_ads,0.0013507450061982175
7414.829659318638,google_ads,0.0013322676023629799
7434.869739478958,google_ads,0.001314091398389502
7454.909819639279,google_ads,0.0012962107023687006
7474.9498997996,google_ads,0.0012786199445729294
7494.98997995992,google_ads,0.0012613136745233035
7515.030060120241,google_ads,0.0012442865581347516
7535.070140280562,google_ads,0.0012275333749365497
7555.110220440882,google_ads,0.001211049015366143
7575.150300601203,google_ads,0.0011948284781341514
7595.190380761524,google_ads,0.0011788668676585188
7615.230460921844,google_ads,0.0011631593915658062
7635.2705410821645,google_ads,0.0011477013582577203
7655.3106212424855,google_ads,0.0011324881745410173
7675.3507014028055,google_ads,0.0011175153433189674
7695.390781563126,google_ads,0.001102778461342639
7715.430861723447,google_ads,0.0010882732170203122
7735.470941883767,google_ads,0.0010739953882833667
7755.511022044088,google_ads,0.0010599408405070608
7775.551102204409,google_ads,0.00104610552448466
7795.591182364729,google_ads,0.0010324854744534102
7815.63126252505,google_ads,0.00101907680617091
7835.671342685371,google_ads,0.0010058757150404752
7855.711422845691,google_ads,0.0009928784742841337
7875.751503006012,google_ads,0.0009800814331619122
7895.791583166333,google_ads,0.0009674810152361594
7915.831663326653,google_ads,0.0009550737166796327
7935.871743486974,google_ads,0.0009428561046261558
7955.911823647295,google_ads,0.0009308248155626768
7975.951903807615,google_ads,0.0009189765537615836
7995.991983967936,google_ads,0.0009073080897521748
8016.032064128257,google_ads,0.000895816258830225
8036.072144288577,google_ads,0.000884497959604594
8056.112224448898,google_ads,0.0008733501525798806
8076.152304609219,google_ads,0.0008623698587741422
8096.192384769539,google_ads,0.000851554158370729
8116.23246492986,google_ads,0.0008409001894033123
8136.272545090181,google_ads,0.0008304051464732145
8156.312625250501,google_ads,0.0008200662794981712
8176.352705410822,google_ads,0.0008098808924916814
8196.392785571143,google_ads,0.0007998463423721342
8216.432865731464,google_ads,0.0007899600378009055
8236.472945891785,google_ads,0.0007802194380486672
8256.513026052104,google_ads,0.0007706220518891497
8276.553106212425,google_ads,0.0007611654365196289
8296.593186372746,google_ads,0.0007518471965074473
8316.633266533066,google_ads,0.0007426649827618595
8336.673346693387,google_ads,0.0007336164915305507
8356.713426853708,google_ads,0.0007246994634201798
8376.753507014027,google_ads,0.0007159116824403091
8396.793587174348,google_ads,0.0007072509750701169
8416.83366733467,google_ads,0.0006987152093473004
8436.87374749499,google_ads,0.0006903022939785834
8456.913827655311,google_ads,0.0006820101774712724
8476.953907815632,google_ads,0.0006738368472853214
8496.993987975951,google_ads,0.0006657803290053627
8517.034068136272,google_ads,0.0006578386855322029
8537.074148296593,google_ads,0.000650010016293274
8557.114228456914,google_ads,0.0006422924564715566
8577.154308617235,google_ads,0.0006346841762525006
8597.194388777556,google_ads,0.0006271833800884871
8617.234468937875,google_ads,0.0006197883059803789
8637.274549098196,google_ads,0.0006124972247757277
8657.314629258517,google_ads,0.0006053084394832207
8677.354709418838,google_ads,0.000598220284602943
8697.394789579159,google_ads,0.0005912311254720675
8717.43486973948,google_ads,0.0005843393576255784
8737.474949899799,google_ads,0.0005775434061716495
8757.51503006012,google_ads,0.0005708417251813112
8777.55511022044,google_ads,0.0005642327970920507
8797.595190380762,google_ads,0.0005577151321249908
8817.635270541083,google_ads,0.0005512872677153149
8837.675350701404,google_ads,0.0005449477679556034
8857.715430861723,google_ads,0.0005386952230517684
8877.755511022044,google_ads,0.0005325282487912635
8897.795591182365,google_ads,0.0005264454860232792
8917.835671342686,google_ads,0.0005204456001506151
8937.875751503007,google_ads,0.0005145272806329486
8957.915831663327,google_ads,0.0005086892405012216
8977.955911823647,google_ads,0.0005029302158828668
8997.995991983968,google_ads,0.000497248965537613
9018.036072144288,google_ads,0.0004916442704036116
9038.07615230461,google_ads,0.0004861149331536294
9058.11623246493,google_ads,0.00048065977776106766
9078.156312625251,google_ads,0.00047527764907556415
9098.196392785572,google_ads,0.00046996741240795155
9118.236472945891,google_ads,0.00046472795312434384
9138.276553106212,google_ads,0.00045955817624912754
9158.316633266533,google_ads,0.0004544570060766531
9178.356713426854,google_ads,0.00044942338579140724
9198.396793587175,google_ads,0.0004444562770964685
9218.436873747496,google_ads,0.00043955465985005
9238.476953907815,google_ads,0.0004347175317099315
9258.517034068136,google_ads,0.000429943907785595
9278.557114228457,google_ads,0.00042523282029788766
9298.597194388778,google_ads,0.0004205833182460219
9318.637274549099,google_ads,0.0004159944670817471
9338.67735470942,google_ads,0.0004114653483905234
9358.717434869739,google_ads,0.0004069950595795311
9378.75751503006,google_ads,0.0004025827135723527
9398.79759519038,google_ads,0.0003982274385101792
9418.837675350702,google_ads,0.0003939283774593776
9438.877755511023,google_ads,0.0003896846881252801
9458.917835671344,google_ads,0.0003854955425720438
9478.957915831663,google_ads,0.000381360126948444
9498.997995991984,google_ads,0.0003772776412194601
9519.038076152305,google_ads,0.0003732472989035244
9539.078156312626,google_ads,0.0003692683268152976
9559.118236472947,google_ads,0.0003653399648138479
9579.158316633268,google_ads,0.00036146146555610613
9599.198396793587,google_ads,0.00035763209425547987
9619.238476953908,google_ads,0.00035385112844550225
9639.278557114229,google_ads,0.0003501178577484085
9659.31863727455,google_ads,0.0003464315836485196
9679.35871743487,google_ads,0.00034279161927032757
9699.398797595191,google_ads,0.00033919728916117717
9719.43887775551,google_ads,0.00033564792907843583
9739.478957915831,google_ads,0.00033214288578105154
9759.519038076152,google_ads,0.000328681516825403
9779.559118236473,google_ads,0.00032526319036533944
9799.599198396794,google_ads,0.0003218872849563198
9819.639278557115,google_ads,0.0003185531893635585
9839.679358717434,google_ads,0.000315260302374087
9859.719438877755,google_ads,0.00031200803261264415
9879.759519038076,google_ads,0.0003087957983613114
9899.799599198397,google_ads,0.00030562302738280564
9919.839679358718,google_ads,0.00030248915674735286
9939.879759519039,google_ads,0.00029939363266305905
9959.919839679358,google_ads,0.00029633591030970457
9979.959919839679,google_ads,0.0002933154536758823
10000.0,google_ads,0.0002903317353994113
0.0,tiktok,0.0
20.04008016032064,tiktok,3.1883428596369476e-20
40.08016032064128,tiktok,1.2371517675691154e-17
60.120240480961925,tiktok,4.043968907801701e-16
80.16032064128257,tiktok,4.800438859243851e-15
100.20040080160321,tiktok,3.27119967609713e-14
120.24048096192385,tiktok,1.569154731010045e-13
140.28056112224448,tiktok,5.907560274064551e-13
160.32064128256513,tiktok,1.862682804601851e-12
180.3607214428858,tiktok,5.129211395140759e-12
200.40080160320642,tiktok,1.2693021546042131e-11
220.44088176352705,tiktok,2.8809923800513663e-11
240.4809619238477,tiktok,6.088688182289638e-11
260.52104208416836,tiktok,1.2119308678694555e-10
280.56112224448896,tiktok,2.2922718656013852e-10
300.6012024048096,tiktok,4.149061240767018e-10
320.64128256513027,tiktok,7.227645913674072e-10
340.6813627254509,tiktok,1.21737881853925e-09
360.7214428857716,tiktok,1.990254255164345e-09
380.7615230460922,tiktok,3.168443633162638e-09
400.80160320641284,tiktok,4.925189896427161e-09
420.8416833667335,tiktok,7.492917516740554e-09
440.8817635270541,tiktok,1.1178925763726894e-08
460.92184368737475,tiktok,1.638416853630522e-08
480.9619238476954,tiktok,2.3625537373627984e-08
501.00200400801606,tiktok,3.356209722550465e-08
521.0420841683367,tiktok,4.702575845780157e-08
541.0821643286573,tiktok,6.5056903380379e-08
561.1222444889779,tiktok,8.894552129788246e-08
581.1623246492986,tiktok,1.2027844268215282e-07
601.2024048096192,tiktok,1.609933005349681e-07
621.2424849699399,tiktok,2.1343988533780316e-07
641.2825651302605,tiktok,2.804495991584394e-07
661.3226452905811,tiktok,3.6541375449032657e-07
681.3627254509018,tiktok,4.7237150422775503e-07
701.4028056112224,tiktok,6.061082308168232e-07
721.4428857715432,tiktok,7.722652650578393e-07
741.4829659318638,tiktok,9.7746184825839e-07
761.5230460921844,tiktok,1.2294302954374175e-06
781.5631262525051,tiktok,1.5371653620486595e-06
801.6032064128257,tiktok,1.9110888622164904e-06
821.6432865731463,tiktok,2.3632306327479668e-06
841.683366733467,tiktok,2.9074269841910148e-06
861.7234468937876,tiktok,3.559537827939291e-06
881.7635270541082,tiktok,4.33768371682782e-06
901.8036072144289,tiktok,5.262504085807704e-06
921.8436873747495,tiktok,6.357438029120473e-06
941.8837675350702,tiktok,7.649029000898678e-06
961.9238476953908,tiktok,9.167254877283779e-06
981.9639278557114,tiktok,1.0945884869958733e-05
1002.0040080160321,tiktok,1.3022864833421528e-05
1022.0440881763527,tiktok,1.544073256135658e-05
1042.0841683366734,tiktok,1.824706472106963e-05
1062.124248496994,tiktok,2.149495712911016e-05
1082.1643286573146,tiktok,2.5243540125885514e-05
1102.2044088176353,tiktok,2.95585308622326e-05
1122.2444889779558,tiktok,3.4512824366522634e-05
1142.2845691382765,tiktok,4.018712531687837e-05
1162.3246492985973,tiktok,4.6670622499432974e-05
1182.364729458918,tiktok,5.4061707990195234e-05
1202.4048096192384,tiktok,6.246874315493052e-05
1222.4448897795592,tiktok,7.201087361845017e-05
1242.4849699398799,tiktok,8.281889541172085e-05
1262.5250501002004,tiktok,9.50361745621681e-05
1282.565130260521,tiktok,0.0001088196224493197
1302.6052104208418,tiktok,0.00012434072930438765
1322.6452905811623,tiktok,0.0001417866582883678
1342.685370741483,tiktok,0.00016136140263855293
1362.7254509018037,tiktok,0.00018328700842781747
1382.7655310621242,tiktok,0.00020780486553441643
1402.805611222445,tiktok,0.00023517706947206378
1422.8456913827656,tiktok,0.0002656878567804465
1442.8857715430863,tiktok,0.00029964511672476193
1462.9258517034068,tiktok,0.0003373819820989256
1482.9659318637275,tiktok,0.0003792585019704273
1503.0060120240482,tiktok,0.00042566339924487095
1523.0460921843687,tiktok,0.00047701591596456793
1543.0861723446894,tiktok,0.0005337677492875002
1563.1262525050101,tiktok,0.0005964050811199026
1583.1663326653306,tiktok,0.0006654507043969215
1603.2064128256513,tiktok,0.0007414662490203965
1623.246492985972,tiktok,0.0008250545104699247
1643.2865731462925,tiktok,0.0009168618841019894
1663.3266533066133,tiktok,0.0010175809081408944
1683.366733466934,tiktok,0.0011279529183433076
1703.4068136272545,tiktok,0.00124877081728408
1723.4468937875752,tiktok,0.00138088196116299
1743.4869739478959,tiktok,0.0015251911669686377
1763.5270541082164,tiktok,0.0016826638427549505
1783.567134268537,tiktok,0.001854329243685653
1803.6072144288578,tiktok,0.0020412838563803044
1823.6472945891785,tiktok,0.002244694913949855
1843.687374749499,tiktok,0.0024658040439371615
1863.7274549098197,tiktok,0.0027059310511758873
1883.7675350701404,tiktok,0.0029664778373463
1903.807615230461,tiktok,0.0032489324587353717
1923.8476953907816,tiktok,0.0035548733233973584
1943.8877755511023,tiktok,0.003885973528555624
1963.9278557114228,tiktok,0.004244005338682683
1983.9679358717435,tiktok,0.00463084480423804
2004.0080160320642,tiktok,0.0050484765205275565
2024.0480961923847,tiktok,0.005498998525568275
2044.0881763527054,tiktok,0.0059846273351925215
2064.128256513026,tiktok,0.006507703112898517
2084.168336673347,tiktok,0.0070706949711451346
2104.2084168336673,tiktok,0.007676206399887419
2124.248496993988,tiktok,0.008326980817151016
2144.2885771543088,tiktok,0.009025907235337288
2164.3286573146293,tiktok,0.009776026035729914
2184.3687374749497,tiktok,0.010580534842327906
2204.4088176352707,tiktok,0.01144279448464894
2224.448897795591,tiktok,0.01236633503752235
2244.4889779559117,tiktok,0.013354861924111023
2264.5290581162326,tiktok,0.014412262066454486
2284.569138276553,tiktok,0.015542610065702421
2304.609218436874,tiktok,0.016750174391894995
2324.6492985971945,tiktok,0.01803942356063223
2344.689378757515,tiktok,0.019415032271249782
2364.729458917836,tiktok,0.020881887478166244
2384.7695390781564,tiktok,0.022445094363881198
2404.809619238477,tiktok,0.024109982178668766
2424.849699398798,tiktok,0.02588210990831736
2444.8897795591183,tiktok,0.027767271727305778
2464.929859719439,tiktok,0.029771502190566693
2484.9699398797597,tiktok,0.031901081112463245
2505.0100200400802,tiktok,0.03416253807678958
2525.0501002004007,tiktok,0.03656265651649585
2545.0901803607217,tiktok,0.039108477296429786
2565.130260521042,tiktok,0.04180730172668593
2585.1703406813626,tiktok,0.044666693928164046
2605.2104208416836,tiktok,0.047694482465665516
2625.250501002004,tiktok,0.050898761157324744
2645.2905811623245,tiktok,0.05428788896239386
2665.3306613226455,tiktok,0.05787048884240345
2685.370741482966,tiktok,0.06165544548354806
2705.4108216432865,tiktok,0.06565190176083158
2725.4509018036074,tiktok,0.06986925381710837
2745.490981963928,tiktok,0.0743171446227386
2765.5310621242484,tiktok,0.07900545587421405
2785.5711422845693,tiktok,0.08394429808288881
2805.61122244489,tiktok,0.08914399869798155
2825.6513026052103,tiktok,0.09461508810141074
2845.691382765531,tiktok,0.10036828330592125
2865.7314629258517,tiktok,0.1064144691825165
2885.7715430861726,tiktok,0.11276467703859572
2905.811623246493,tiktok,0.11943006036459411
2925.8517034068136,tiktok,0.12642186756457116
2945.8917835671346,tiktok,0.13375141148529077
2965.931863727455,tiktok,0.14143003555917133
2985.9719438877755,tiktok,0.14946907637931287
3006.0120240480965,tiktok,0.15787982252992613
3026.052104208417,tiktok,0.16667346950322243
3046.0921843687374,tiktok,0.17586107054449418
3066.1322645290584,tiktok,0.18545348328105998
3086.172344689379,tiktok,0.1954613120083412
3106.2124248496993,tiktok,0.20589484552791681
3126.2525050100203,tiktok,0.2167639904583273
3146.2925851703408,tiktok,0.2280781999700325
3166.3326653306613,tiktok,0.2398463979315848
3186.372745490982,tiktok,0.2520768984950601
3206.4128256513027,tiktok,0.26477732119538117
3226.452905811623,tiktok,0.2779545016905582
3246.492985971944,tiktok,0.2916143983282143
3266.5330661322646,tiktok,0.3057619947881362
3286.573146292585,tiktok,0.32040119912094156
3306.613226452906,tiktok,0.3355347395791321
3326.6533066132265,tiktok,0.3511640577185434
3346.693386773547,tiktok,0.3672891993350416
3366.733466933868,tiktok,0.3839087038926456
3386.7735470941884,tiktok,0.4010194931942978
3406.813627254509,tiktok,0.41861676014422766
3426.85370741483,tiktok,0.43669385855003545
3446.8937875751503,tiktok,0.4552421950118451
3466.933867735471,tiktok,0.4742511240434225
3486.9739478957918,tiktok,0.4937078476641199
3507.0140280561122,tiktok,0.5135973207887831
3527.0541082164327,tiktok,0.5339021638229744
3547.0941883767537,tiktok,0.5546025839404964
3567.134268537074,tiktok,0.575676306576601
3587.174348697395,tiktok,0.5970985187106469
3607.2144288577156,tiktok,0.6188418255334686
3627.254509018036,tiktok,0.6408762220946128
3647.294589178357,tiktok,0.6631690815000868
3667.3346693386775,tiktok,0.6856851611798782
3687.374749498998,tiktok,0.7083866286639956
3707.414829659319,tiktok,0.7312331081942186
3727.4549098196394,tiktok,0.7541817493548201
3747.49498997996,tiktok,0.7771873187283934
3767.535070140281,tiktok,0.8002023153724244
3787.5751503006013,tiktok,0.8231771106691723
3807.615230460922,tiktok,0.8460601128271553
3827.6553106212427,tiktok,0.8687979560095941
3847.695390781563,tiktok,0.8913357137369465
3867.7354709418837,tiktok,0.9136171358614888
3887.7755511022046,tiktok,0.9355849080471004
3907.815631262525,tiktok,0.9571809323132021
3927.8557114228456,tiktok,0.978346626825152
3947.8957915831666,tiktok,0.9990232427419745
3967.935871743487,tiktok,1.0191521955743017
3987.9759519038075,tiktok,1.0386754081692495
4008.0160320641285,tiktok,1.0575356621331833
4028.056112224449,tiktok,1.0756769542363462
4048.0961923847694,tiktok,1.093044854123007
4068.1362725450904,tiktok,1.1095868594842881
4088.176352705411,tiktok,1.1252527447445313
4108.216432865732,tiktok,1.1399948992707298
4128.256513026052,tiktok,1.1537686511419836
4148.296593186373,tiktok,1.166532572613854
4168.336673346694,tiktok,1.1782487635812486
4188.376753507014,tiktok,1.1888831095813397
4208.416833667335,tiktok,1.1984055111815184
4228.456913827656,tiktok,1.2067900819613557
4248.496993987976,tiktok,1.214015312714989
4268.537074148297,tiktok,1.220064199962894
4288.5771543086175,tiktok,1.2249243373600587
4308.617234468938,tiktok,1.2285879691104997
4328.6573146292585,tiktok,1.2310520050346458
4348.697394789579,tiktok,1.2323179974748044
4368.7374749498995,tiktok,1.2323920807532522
4388.77755511022,tiktok,1.231284874406382
4408.817635270541,tiktok,1.2290113518963601
4428.857715430861,tiktok,1.2255906769396259
4448.897795591182,tiktok,1.2210460099811606
4468.937875751503,tiktok,1.215404287678135
4488.977955911823,tiktok,1.2086959785313418
4509.018036072144,tiktok,1.2009548180143326
4529.058116232465,tiktok,1.1922175266968433
4549.098196392786,tiktok,1.1825235149408784
4569.138276553106,tiktok,1.17191457776643
4589.178356713427,tiktok,1.1604345834421939
4609.218436873748,tiktok,1.1481291592591967
4629.258517034068,tiktok,1.135045377797238
4649.298597194389,tiktok,1.1212314468017743
4669.33867735471,tiktok,1.1067364055589992
4689.37875751503,tiktok,1.0916098303965711
4709.418837675351,tiktok,1.075901551654049
4729.458917835672,tiktok,1.0596613841676887
4749.498997995992,tiktok,1.0429388730058535
4769.539078156313,tiktok,1.02578305588041
4789.579158316634,tiktok,1.0082422433520484
4809.619238476954,tiktok,0.9903638176488189
4829.659318637275,tiktok,0.9721940506319566
4849.699398797596,tiktok,0.9537779411750793
4869.739478957916,tiktok,0.9351590719751465
4889.779559118237,tiktok,0.9163794855885774
4909.819639278558,tiktok,0.8974795792851232
4929.859719438878,tiktok,0.8784980181364446
4949.899799599199,tiktok,0.8594716656061697
4969.9398797595195,tiktok,0.8404355307832154
4989.9799599198395,tiktok,0.8214227312996067
5010.0200400801605,tiktok,0.80246447089689
5030.060120240481,tiktok,0.7835900305499759
5050.100200400801,tiktok,0.7648267720222338
5070.140280561122,tiktok,0.7462001527090701
5090.180360721443,tiktok,0.7277337506270695
5110.220440881763,tiktok,0.7094492984200512
5130.260521042084,tiktok,0.6913667252801443
5150.300601202405,tiktok,0.6735042057192339
5170.340681362725,tiktok,0.6558782141719425
5190.380761523046,tiktok,0.6385035844640473
5210.420841683367,tiktok,0.6213935732381136
5230.460921843687,tiktok,0.6045599264897372
5250.501002004008,tiktok,0.5880129484317268
5270.541082164329,tiktok,0.5717615719686899
5290.581162324649,tiktok,0.5558134301296529
5310.62124248497,tiktok,0.5401749278707828
5330.661322645291,tiktok,0.5248513137231572
5350.701402805611,tiktok,0.5098467508211915
5370.741482965932,tiktok,0.4951643869054184
5390.781563126253,tiktok,0.4808064229483094
5410.821643286573,tiktok,0.4667741801035034
5430.861723446894,tiktok,0.45306816472702355
5450.901803607215,tiktok,0.43968813126364104
5470.941883767535,tiktok,0.42663314283246884
5490.981963927856,tiktok,0.41390162938320035
5511.022044088177,tiktok,0.4014914433281627
5531.062124248497,tiktok,0.3893999125856449
5551.102204408818,tiktok,0.3776238909969784
5571.142284569139,tiktok,0.3661598061036902
5591.182364729459,tiktok,0.3550037042919169
5611.22244488978,tiktok,0.34415129332938665
5631.2625250501005,tiktok,0.33359798233579707
5651.302605210421,tiktok,0.3233389192405485
5671.3426853707415,tiktok,0.3133690257927724
5691.382765531062,tiktok,0.30368303019757986
5711.4228456913825,tiktok,0.29427549745962744
5731.462925851703,tiktok,0.28514085752069995
5751.503006012024,tiktok,0.27627343128214854
5771.543086172345,tiktok,0.26766745460588826
5791.583166332665,tiktok,0.2593171003894278
5811.623246492986,tiktok,0.2512164988111717
5831.663326653307,tiktok,0.24335975584218214
5851.703406813627,tiktok,0.2357409701197849
5871.743486973948,tiktok,0.22835424827701123
5891.783567134269,tiktok,0.22119371881995298
5911.823647294589,tiktok,0.214253544642757
5931.86372745491,tiktok,0.2075279342673121
5951.903807615231,tiktok,0.20101115189172783
5971.943887775551,tiktok,0.19469752632853193
5991.983967935872,tiktok,0.18858145891021064
6012.024048096193,tiktok,0.18265743043629654
6032.064128256513,tiktok,0.1769200072327269
6052.104208416834,tiktok,0.17136384639070207
6072.144288577155,tiktok,0.16598370024877943
6092.184368737475,tiktok,0.1607744201784764
6112.224448897796,tiktok,0.1557309597302588
6132.264529058117,tiktok,0.15084837719346494
6152.304609218437,tiktok,0.14612183762047126
6172.344689378758,tiktok,0.14154661436227683
6192.384769539079,tiktok,0.1371180901596577
6212.424849699399,tiktok,0.13283175783112847
6232.46492985972,tiktok,0.12868322059616868
6252.505010020041,tiktok,0.12466819206951106
6272.545090180361,tiktok,0.12078249595974867
6292.5851703406815,tiktok,0.11702206550311864
6312.6252505010025,tiktok,0.1133829426610368
6332.6653306613225,tiktok,0.10986127710779939
6352.705410821643,tiktok,0.10645332503283693
6372.745490981964,tiktok,0.10315544777999162
6392.785571142284,tiktok,0.09996411034448435
6412.825651302605,tiktok,0.09687587974655558
6432.865731462926,tiktok,0.09388742329918186
6452.905811623246,tiktok,0.09099550678578892
6472.945891783567,tiktok,0.08819699256250671
6492.985971943888,tiktok,0.08548883759822667
6513.026052104208,tiktok,0.08286809146452037
6533.066132264529,tiktok,0.08033189428637225
6553.10621242485,tiktok,0.07787747466364596
6573.14629258517,tiktok,0.07550214757224587
6593.186372745491,tiktok,0.07320331225305302
6613.226452905812,tiktok,0.07097845009589733
6633.266533066132,tiktok,0.06882512252507103
6653.306613226453,tiktok,0.0667409688921946
6673.346693386774,tiktok,0.06472370438160678
6693.386773547094,tiktok,0.06277111793285958
6713.426853707415,tiktok,0.06088107018436045
6733.466933867736,tiktok,0.05905149144170965
6753.507014028056,tiktok,0.05728037967382445
6773.547094188377,tiktok,0.05556579853953006
6793.587174348698,tiktok,0.05390587544691911
6813.627254509018,tiktok,0.05229879964743469
6833.667334669339,tiktok,0.0507428203663203
6853.70741482966,tiktok,0.04923624497079637
6873.74749498998,tiktok,0.04777743717706187
6893.787575150301,tiktok,0.04636481529698907
6913.827655310622,tiktok,0.04499685052516811
6933.867735470942,tiktok,0.04367206526676681
6953.907815631263,tiktok,0.042389031506502375
6973.9478957915835,tiktok,0.041146369218868904
6993.9879759519035,tiktok,0.03994274481962574
7014.0280561122245,tiktok,0.03877686965843301
7034.068136272545,tiktok,0.037647498552411375
7054.108216432865,tiktok,0.03655342836030699
7074.148296593186,tiktok,0.0354934965968598
7094.188376753507,tiktok,0.034466580086899866
7114.228456913828,tiktok,0.03347159365863103
7134.268537074148,tiktok,0.03250748887550769
7154.308617234469,tiktok,0.03157325280606175
7174.34869739479,tiktok,0.030667906830997724
7194.38877755511,tiktok,0.029790505486839123
7214.428857715431,tiktok,0.028940135345382076
7234.468937875752,tiktok,0.028115913928190402
7254.509018036072,tiktok,0.02731698865534681
7274.549098196393,tiktok,0.026542535827663274
7294.589178356714,tiktok,0.025791759641543743
7314.629258517034,tiktok,0.025063891235685705
7334.669338677355,tiktok,0.024358187768804846
7354.709418837676,tiktok,0.023673931527567423
7374.749498997996,tiktok,0.023010429063916014
7394.789579158317,tiktok,0.022367010360980072
7414.829659318638,tiktok,0.021743028026768963
7434.869739478958,tiktok,0.021137856514852626
7454.909819639279,tiktok,0.02055089137124552
7474.9498997996,tiktok,0.01998154850672019
7494.98997995992,tiktok,0.019429263493788332
7515.030060120241,tiktok,0.0188934908876008
7535.070140280562,tiktok,0.018373703570031676
7555.110220440882,tiktok,0.017869392116225513
7575.150300601203,tiktok,0.017380064182902163
7595.190380761524,tiktok,0.016905243917729334
7615.230460921844,tiktok,0.016444471389087827
7635.2705410821645,tiktok,0.015997302035571283
7655.3106212424855,tiktok,0.015563306134578209
7675.3507014028055,tiktok,0.01514206828936994
7695.390781563126,tiktok,0.01473318693398493
7715.430861723447,tiktok,0.014336273855416193
7735.470941883767,tiktok,0.013950953732474281
7755.511022044088,tiktok,0.01357686369077509
7775.551102204409,tiktok,0.013213652873307473
7795.591182364729,tiktok,0.012860982026051274
7815.63126252505,tiktok,0.01251852309813237
7835.671342685371,tiktok,0.01218595885601661
7855.711422845691,tiktok,0.011862982511259494
7875.751503006012,tiktok,0.011549297361343478
7895.791583166333,tiktok,0.01124461644314964
7915.831663326653,tiktok,0.010948662198624103
7935.871743486974,tiktok,0.010661166152214265
7955.911823647295,tiktok,0.010381868599663287
7975.951903807615,tiktok,0.010110518307764516
7995.991983967936,tiktok,0.009846872224690894
8016.032064128257,tiktok,0.009590695200526928
8036.072144288577,tiktok,0.009341759717643085
8056.112224448898,tiktok,0.009099845630564745
8076.152304609219,tiktok,0.008864739914999534
8096.192384769539,tiktok,0.008636236425698083
8116.23246492986,tiktok,0.008414135662834485
8136.272545090181,tiktok,0.008198244546603584
8156.312625250501,tiktok,0.007988376199742341
8176.352705410822,tiktok,0.007784349737692933
8196.392785571143,tiktok,0.007585990066135034
8216.432865731464,tiktok,0.007393127685623997
8236.472945891785,tiktok,0.007205598503081192
8256.513026052104,tiktok,0.0070232436498914395
8276.553106212425,tiktok,0.006845909306371179
8296.593186372746,tiktok,0.006673446532379581
8316.633266533066,tiktok,0.006505711103852399
8336.673346693387,tiktok,0.006342563355046735
8356.713426853708,tiktok,0.006183868026292079
8376.753507014027,tiktok,0.006029494117050472
8396.793587174348,tiktok,0.005879314744095492
8416.83366733467,tiktok,0.005733207004627004
8436.87374749499,tiktok,0.005591051844144599
8456.913827655311,tiktok,0.005452733928909529
8476.953907815632,tiktok,0.005318141522830854
8496.993987975951,tiktok,0.005187166368617446
8517.034068136272,tiktok,0.005059703573043192
8537.074148296593,tiktok,0.004935651496178497
8557.114228456914,tiktok,0.004814911644446081
8577.154308617235,tiktok,0.004697388567364604
8597.194388777556,tiktok,0.004582989757848398
8617.234468937875,tiktok,0.004471625555936427
8637.274549098196,tiktok,0.004363209055828128
8657.314629258517,tiktok,0.004257656016108416
8677.354709418838,tiktok,0.004154884773048136
8697.394789579159,tiktok,0.00405481615687063
8717.43486973948,tiktok,0.003957373410878939
8737.474949899799,tiktok,0.0038624821133420007
8757.51503006012,tiktok,0.003770070102041924
8777.55511022044,tiktok,0.0036800674013880317
8797.595190380762,tiktok,0.003592406152006631
8817.635270541083,tiktok,0.0035070205427189943
8837.675350701404,tiktok,0.003423846744823046
8857.715430861723,tiktok,0.0033428228485974285
8877.755511022044,tiktok,0.0032638888019494816
8897.795591182365,tiktok,0.003186986351131672
8917.835671342686,tiktok,0.003112058983453532
8937.875751503007,tiktok,0.0030390518719190214
8957.915831663327,tiktok,0.002967911821721649
8977.955911823647,tiktok,0.002898587218532209
8997.995991983968,tiktok,0.00283102797851624
9018.036072144288,tiktok,0.002765185500020812
9038.07615230461,tiktok,0.0027010126168721363
9058.11623246493,tiktok,0.002638463553227869
9078.156312625251,tiktok,0.0025774938799298756
9098.196392785572,tiktok,0.002518060472305211
9118.236472945891,tiktok,0.0024601214693649536
9138.276553106212,tiktok,0.002403636234352345
9158.316633266533,tiktok,0.0023485653165935
9178.356713426854,tiktok,0.002294870414605481
9198.396793587175,tiktok,0.0022425143404183343
9218.436873747496,tiktok,0.002191460985069127
9238.476953907815,tiktok,0.0021416752852275868
9258.517034068136,tiktok,0.0020931231909143374
9278.557114228457,tiktok,0.002045771634274242
9298.597194388778,tiktok,0.0019995884993685245
9318.637274549099,tiktok,0.001954542592950801
9338.67735470942,tiktok,0.0019106036161933408
9358.717434869739,tiktok,0.0018677421373310397
9378.75751503006,tiktok,0.0018259295651917912
9398.79759519038,tiktok,0.0017851381235830899
9418.837675350702,tiktok,0.0017453408265056633
9438.877755511023,tiktok,0.0017065114541660695
9458.917835671344,tiktok,0.001668624529761162
9478.957915831663,tiktok,0.0016316552970082573
9498.997995991984,tiktok,0.0015955796983957832
9519.038076152305,tiktok,0.0015603743541301263
9539.078156312626,tiktok,0.0015260165417551367
9559.118236472947,tiktok,0.0014924841764216996
9579.158316633268,tiktok,0.0014597557917855168
9599.198396793587,tiktok,0.0014278105215120092
9619.238476953908,tiktok,0.001396628081368004
9639.278557114229,tiktok,0.0013661887518806124
9659.31863727455,tiktok,0.0013364733615443033
9679.35871743487,tiktok,0.001307463270557948
9699.398797595191,tiktok,0.0012791403550741717
9719.43887775551,tiktok,0.001251486991943999
9739.478957915831,tiktok,0.001224486043940347
9759.519038076152,tiktok,0.0011981208454445455
9779.559118236473,tiktok,0.001172375188580522
9799.599198396794,tiktok,0.0011472333097819146
9819.639278557115,tiktok,0.0011226798767778302
9839.679358717434,tiktok,0.0010986999759834753
9859.719438877755,tiktok,0.0010752791002823577
9879.759519038076,tiktok,0.0010524031371872385
9899.799599198397,tiktok,0.0010300583573674051
9919.839679358718,tiktok,0.0010082314035303182
9939.879759519039,tiktok,0.0009869092796460602
9959.919839679358,tiktok,0.0009660793405034246
9979.959919839679,tiktok,0.0009457292815868504
10000.0,tiktok,0.0009258471292638132
